Nombre,Arboles,Cantidad
Yondó,pino,880
Santa Fe de Antioquia,fresas,461
Girardota,pino,623
Girardota,fresas,619
Turbo,fresas,480
Donmatías,roble,346
Briceño,pino,776
Itagüí,fresas,519
Buriticá,fresas,971
Buriticá,roble,734
San Andrés de Cuerquia,pino,151
La Ceja,fresas,226
San Juan de Urabá,roble,919
Zaragoza,fresas,910
Yolombó,fresas,664
Anorí,fresas,787
Donmatías,fresas,765
El Peñol,roble,967
Valdivia,pino,853
Amalfi,ceibas,457
Cisneros,roble,903
Zaragoza,ceibas,200
Sabaneta,roble,644
Ituango,roble,917
Puerto Berrío,fresas,902
Copacabana,fresas,275
Puerto Triunfo,pino,842
Carepa,pino,727
Liborina,fresas,184
La Estrella,roble,707
Cisneros,pino,785
Girardota,pino,562
San Pedro de Urabá,ceibas,297
Heliconia,roble,555
Murindó,ceibas,753
Copacabana,ceibas,636
San Andrés de Cuerquia,pino,139
Amalfi,fresas,686
Apartadó,pino,910
Mutatá,pino,782
Ituango,ceibas,283
Armenia,fresas,428
Caldas,roble,205
Titiribí,ceibas,622
Vigía del Fuerte,fresas,228
Anzá,pino,357
San Luis,fresas,480
Yalí,pino,433
Ebéjico,roble,614
Giraldo,ceibas,320
El Carmen de Viboral,pino,364
Abriaquí,pino,233
Puerto Triunfo,ceibas,765
Anorí,pino,788
Nechí,fresas,652
Angelópolis,fresas,252
Olaya,pino,919
Concepción,pino,932
Bello,ceibas,459
Guadalupe,roble,694
Apartadó,ceibas,229
San José de la Montaña,roble,576
Guatapé,pino,772
Betania,pino,658
Belmira,ceibas,715
Remedios,fresas,445
Jardín,fresas,853
Entrerríos,pino,996
Carepa,pino,793
Salgar,pino,452
Granada,fresas,203
San Roque,ceibas,503
Concepción,roble,677
La Ceja,ceibas,112
Caracolí,pino,757
San José de la Montaña,ceibas,450
Caracolí,fresas,735
Cisneros,ceibas,702
Caracolí,fresas,502
Chigorodó,fresas,199
Yolombó,fresas,945
Salgar,fresas,717
Apartadó,pino,568
Abriaquí,roble,360
Betania,fresas,737
Hispania,ceibas,264
Valparaíso,fresas,220
Itagüí,pino,320
San José de la Montaña,ceibas,964
Urrao,fresas,912
Zaragoza,ceibas,823
El Retiro,roble,179
Tarso,roble,885
San Jerónimo,pino,620
Valparaíso,fresas,521
San Luis,pino,319
Jericó,roble,426
Betania,pino,744
Rionegro,pino,565
Caramanta,fresas,549
Amalfi,roble,296
La Unión,pino,858
Necoclí,fresas,431
Pueblorrico,roble,107
Santa Rosa de Osos,fresas,269
Marinilla,pino,261
Belmira,fresas,377
Armenia,ceibas,588
Puerto Triunfo,fresas,399
Yarumal,roble,429
Caldas,pino,282
Mutatá,fresas,796
Marinilla,roble,220
San Francisco,ceibas,803
San Andrés de Cuerquia,fresas,341
La Estrella,fresas,473
San Rafael,fresas,218
Itagüí,ceibas,962
Fredonia,ceibas,502
Entrerríos,fresas,616
Valparaíso,roble,761
Buriticá,ceibas,564
Apartadó,ceibas,529
Urrao,fresas,520
San Francisco,roble,993
Concordia,roble,752
Dabeiba,roble,383
Valparaíso,ceibas,778
San Luis,ceibas,490
San Jerónimo,pino,643
Campamento,fresas,726
Venecia,ceibas,554
Heliconia,fresas,609
Apartadó,fresas,521
Carepa,fresas,239
Turbo,pino,634
Caldas,roble,108
Venecia,fresas,862
Campamento,ceibas,294
Caucasia,ceibas,188
Toledo,pino,746
Vegachí,pino,194
San Andrés de Cuerquia,roble,174
Hispania,fresas,456
Barbosa,fresas,776
Gómez Plata,pino,587
Valparaíso,roble,824
Caracolí,fresas,281
Rionegro,pino,300
Dabeiba,fresas,275
San Carlos,pino,961
Segovia,pino,613
Caldas,pino,684
Vigía del Fuerte,ceibas,798
San Francisco,pino,109
Valparaíso,pino,986
Betania,roble,261
Abriaquí,fresas,248
Chigorodó,ceibas,932
Vegachí,fresas,107
Necoclí,fresas,150
Anzá,roble,175
Sonsón,pino,946
Salgar,fresas,655
Caracolí,roble,661
Arboletes,fresas,178
Mutatá,roble,715
Amagá,pino,668
Uramita,pino,843
Betulia,ceibas,636
Carepa,pino,299
El Retiro,ceibas,341
Carepa,roble,785
Betania,pino,750
San Jerónimo,ceibas,418
Hispania,fresas,511
Puerto Berrío,pino,455
Alejandría,roble,452
Segovia,ceibas,757
Caucasia,fresas,814
Caracolí,fresas,832
Valparaíso,roble,305
Caicedo,pino,102
Alejandría,roble,555
Zaragoza,pino,538
Remedios,pino,209
Copacabana,ceibas,599
Montebello,pino,554
Peque,roble,977
Arboletes,fresas,864
Entrerríos,roble,337
Carepa,fresas,613
Santo Domingo,fresas,955
El Carmen de Viboral,pino,150
Frontino,ceibas,103
El Retiro,ceibas,670
Bello,pino,982
Ebéjico,pino,833
Valdivia,roble,310
Apartadó,ceibas,907
Giraldo,fresas,398
Carepa,roble,346
Gómez Plata,ceibas,748
Armenia,roble,569
Maceo,roble,952
Caramanta,ceibas,393
Segovia,fresas,680
Olaya,pino,882
Donmatías,roble,265
Titiribí,roble,494
Granada,fresas,752
Nechí,ceibas,849
Cocorná,fresas,748
El Retiro,ceibas,736
Santo Domingo,pino,167
Ituango,fresas,255
San Pedro de los Milagros,roble,168
Caldas,ceibas,414
Chigorodó,roble,751
Santo Domingo,roble,721
El Carmen de Viboral,ceibas,160
Puerto Berrío,roble,257
Yarumal,fresas,216
Rionegro,ceibas,840
Ituango,ceibas,128
Betania,ceibas,665
Sabanalarga,pino,291
Abriaquí,roble,326
Marinilla,ceibas,595
Chigorodó,fresas,284
Argelia,roble,439
San Vicente,fresas,651
Frontino,roble,999
Salgar,ceibas,348
Santa Bárbara,pino,114
Frontino,roble,401
Vegachí,pino,269
Yolombó,roble,744
Tarazá,ceibas,506
Concepción,fresas,260
Rionegro,roble,499
Amalfi,pino,889
Vegachí,ceibas,151
Zaragoza,fresas,915
Sonsón,roble,487
Carolina del Príncipe,pino,420
Ituango,fresas,777
San Francisco,ceibas,456
Valparaíso,fresas,967
Santa Bárbara,roble,790
Barbosa,ceibas,916
Arboletes,ceibas,188
Medellín,fresas,251
Sonsón,pino,385
Salgar,roble,599
Sabanalarga,roble,768
San José de la Montaña,ceibas,286
Yarumal,ceibas,199
La Ceja,roble,264
La Ceja,ceibas,736
San Jerónimo,pino,133
La Estrella,roble,770
La Estrella,ceibas,241
San Pedro de los Milagros,pino,863
San Juan de Urabá,fresas,505
Andes,ceibas,350
Envigado,fresas,656
Caramanta,pino,940
San Francisco,ceibas,128
Belmira,ceibas,519
Buriticá,fresas,293
Briceño,roble,315
San José de la Montaña,ceibas,600
San José de la Montaña,pino,556
Urrao,pino,377
Angostura,pino,789
El Bagre,pino,303
Peque,ceibas,172
Caicedo,roble,944
San Vicente,pino,773
San Jerónimo,ceibas,949
Titiribí,roble,437
Betania,ceibas,335
El Retiro,ceibas,593
La Unión,ceibas,631
Caracolí,roble,604
Puerto Berrío,roble,112
Abejorral,roble,448
Nechí,pino,585
Briceño,roble,374
San Luis,fresas,207
Abejorral,pino,798
Arboletes,pino,243
Abriaquí,ceibas,590
Medellín,pino,712
Guatapé,roble,581
Abejorral,roble,412
Amagá,roble,569
Amalfi,pino,523
Carolina del Príncipe,ceibas,449
Caramanta,fresas,706
Santa Bárbara,ceibas,508
Nechí,roble,686
El Bagre,fresas,877
Venecia,fresas,751
Amagá,fresas,557
Heliconia,pino,469
Nariño,pino,895
El Santuario,ceibas,980
Envigado,pino,239
Caramanta,ceibas,207
Chigorodó,roble,613
Frontino,pino,529
Venecia,pino,652
Campamento,roble,579
Salgar,roble,694
San Pedro de Urabá,roble,556
Sonsón,fresas,565
Heliconia,roble,783
Santa Bárbara,pino,705
El Retiro,roble,984
Argelia,ceibas,785
Tarso,pino,880
La Pintada,fresas,428
Angostura,pino,271
Copacabana,ceibas,907
Venecia,fresas,131
Puerto Berrío,fresas,360
Giraldo,fresas,516
Zaragoza,ceibas,372
Dabeiba,pino,750
Argelia,pino,471
San José de la Montaña,ceibas,277
Arboletes,fresas,896
El Peñol,pino,889
Murindó,fresas,642
Sabaneta,pino,156
Barbosa,ceibas,265
Santa Fe de Antioquia,ceibas,658
San Pedro de Urabá,roble,354
San Francisco,roble,860
Venecia,pino,851
El Bagre,pino,226
San Pedro de Urabá,ceibas,654
San Roque,roble,789
Rionegro,roble,520
Nechí,roble,708
Frontino,ceibas,718
Mutatá,roble,904
Caicedo,pino,299
Remedios,pino,247
Cisneros,ceibas,548
San Pedro de los Milagros,ceibas,333
Cisneros,fresas,118
Támesis,roble,773
El Bagre,roble,234
Guadalupe,pino,338
Itagüí,fresas,158
Ciudad Bolívar,roble,412
Andes,pino,904
Zaragoza,ceibas,226
Arboletes,fresas,551
Puerto Nare,ceibas,870
Guadalupe,pino,413
Arboletes,pino,376
Dabeiba,fresas,414
Abriaquí,roble,478
El Bagre,ceibas,635
Puerto Triunfo,roble,621
Murindó,ceibas,780
Fredonia,roble,593
San Pedro de los Milagros,pino,407
Frontino,pino,209
Turbo,fresas,987
Carepa,pino,241
Anorí,pino,877
Abejorral,ceibas,399
Guatapé,roble,193
Nechí,roble,829
San Carlos,fresas,127
Copacabana,ceibas,434
Valparaíso,roble,442
Itagüí,fresas,595
Nariño,ceibas,702
Nechí,fresas,577
Chigorodó,roble,618
Belmira,roble,425
Sabanalarga,ceibas,533
Barbosa,fresas,475
Valparaíso,ceibas,990
Jardín,ceibas,917
Briceño,ceibas,578
Tarso,fresas,192
Anorí,roble,993
Alejandría,pino,917
Venecia,fresas,999
San Pedro de los Milagros,pino,870
Sabanalarga,ceibas,444
Abriaquí,pino,933
Argelia,fresas,919
Toledo,pino,506
Abejorral,pino,251
Salgar,roble,113
Toledo,roble,762
Murindó,fresas,249
La Unión,fresas,260
Caracolí,fresas,271
La Ceja,ceibas,748
Andes,ceibas,436
San Roque,pino,895
Armenia,fresas,218
Guatapé,fresas,312
Anzá,roble,457
Caicedo,pino,563
Sabanalarga,ceibas,128
Copacabana,ceibas,230
Guarne,ceibas,460
Murindó,fresas,162
Yalí,pino,486
El Retiro,ceibas,959
Caldas,pino,600
Giraldo,fresas,592
Chigorodó,ceibas,433
Hispania,ceibas,878
San Jerónimo,pino,582
Puerto Nare,pino,774
San José de la Montaña,roble,717
Amalfi,pino,102
Olaya,ceibas,456
El Peñol,ceibas,224
San Francisco,fresas,459
Caldas,fresas,156
Anzá,pino,394
Envigado,roble,508
Peque,ceibas,425
Urrao,pino,447
Argelia,roble,121
Titiribí,roble,201
Arboletes,ceibas,478
Abejorral,ceibas,359
Nariño,ceibas,840
Guarne,pino,325
Uramita,roble,784
Frontino,roble,589
Hispania,roble,863
Carolina del Príncipe,pino,167
Montebello,roble,269
Frontino,pino,191
Abejorral,ceibas,960
Caracolí,pino,300
San Andrés de Cuerquia,ceibas,913
Santa Rosa de Osos,pino,987
Sabanalarga,pino,487
El Retiro,pino,519
Guatapé,roble,305
Santa Fe de Antioquia,ceibas,595
Gómez Plata,pino,532
Guarne,ceibas,632
Necoclí,roble,381
Yalí,pino,243
San Roque,fresas,340
Támesis,ceibas,649
Yolombó,ceibas,526
Caldas,roble,491
Mutatá,pino,311
Barbosa,ceibas,249
Giraldo,ceibas,186
San Francisco,roble,695
Sonsón,fresas,447
Buriticá,pino,145
Heliconia,pino,711
Nariño,ceibas,464
Cañasgordas,ceibas,575
Frontino,ceibas,756
San Andrés de Cuerquia,pino,174
Urrao,roble,134
Pueblorrico,pino,335
Hispania,pino,522
Caracolí,ceibas,372
Santa Fe de Antioquia,ceibas,113
Ciudad Bolívar,fresas,371
Girardota,pino,350
Tarazá,fresas,979
Ciudad Bolívar,roble,173
El Santuario,roble,315
Amalfi,ceibas,169
El Bagre,roble,230
Santa Bárbara,pino,887
Betania,pino,625
Betania,roble,215
Chigorodó,roble,983
Campamento,fresas,577
Yolombó,roble,872
Puerto Nare,roble,847
Rionegro,ceibas,672
Frontino,pino,568
Segovia,pino,488
Pueblorrico,roble,399
Peque,roble,761
Sabaneta,roble,276
San Carlos,roble,933
Pueblorrico,roble,988
Valparaíso,roble,374
Abriaquí,fresas,987
Caramanta,ceibas,199
Briceño,pino,779
Santo Domingo,roble,272
Santa Bárbara,pino,678
Santo Domingo,roble,664
El Retiro,pino,271
Campamento,pino,795
Liborina,roble,194
Armenia,pino,398
San Pedro de los Milagros,fresas,526
Alejandría,pino,735
Sabanalarga,roble,193
Santa Fe de Antioquia,pino,116
Girardota,roble,842
Frontino,pino,669
Frontino,fresas,165
Jericó,pino,613
Rionegro,fresas,116
Cisneros,ceibas,202
Medellín,fresas,393
Argelia,roble,355
Cañasgordas,fresas,601
Urrao,ceibas,725
Bello,pino,241
Copacabana,pino,514
San Roque,fresas,659
Concepción,pino,120
Montebello,roble,385
Guatapé,pino,221
Valparaíso,pino,420
Rionegro,roble,957
Vigía del Fuerte,ceibas,839
El Carmen de Viboral,pino,698
San Vicente,roble,806
Dabeiba,roble,472
San Pedro de los Milagros,fresas,449
El Carmen de Viboral,roble,913
Olaya,pino,756
Venecia,pino,756
Olaya,fresas,713
Puerto Nare,ceibas,625
Caldas,fresas,786
Gómez Plata,fresas,639
Necoclí,pino,777
Yarumal,fresas,867
Girardota,roble,572
Chigorodó,ceibas,553
El Santuario,fresas,222
Puerto Nare,roble,972
Mutatá,pino,920
Venecia,roble,786
Bello,ceibas,468
Ituango,roble,520
San Roque,fresas,330
San Jerónimo,fresas,287
Frontino,pino,581
Angostura,fresas,114
Sabanalarga,roble,428
Yalí,pino,877
Yalí,ceibas,952
Puerto Berrío,ceibas,561
Belmira,pino,599
Buriticá,roble,221
Santa Fe de Antioquia,pino,548
Santa Bárbara,ceibas,334
San Pedro de Urabá,fresas,378
Nariño,fresas,418
San Francisco,roble,315
Heliconia,ceibas,958
Medellín,fresas,124
Chigorodó,roble,698
Titiribí,ceibas,519
Argelia,fresas,967
El Peñol,pino,868
Belmira,fresas,863
Entrerríos,roble,492
El Peñol,ceibas,495
Puerto Triunfo,fresas,305
Carepa,ceibas,641
Anzá,fresas,509
Bello,ceibas,835
Betulia,pino,701
San Andrés de Cuerquia,pino,817
Heliconia,roble,159
Giraldo,roble,313
San Vicente,fresas,378
Jardín,pino,542
Urrao,ceibas,588
San Juan de Urabá,roble,582
San Pedro de los Milagros,pino,660
Puerto Berrío,pino,802
Venecia,ceibas,379
Barbosa,pino,465
Cocorná,ceibas,467
Carepa,fresas,146
Maceo,fresas,941
Mutatá,roble,595
Toledo,fresas,895
San Vicente,pino,637
Anorí,roble,150
Angelópolis,roble,442
Granada,ceibas,725
Santa Bárbara,fresas,855
Jardín,pino,655
Pueblorrico,roble,855
Peque,roble,350
Pueblorrico,roble,437
Murindó,pino,722
Sabanalarga,roble,159
Yarumal,roble,392
Betania,pino,492
Valdivia,pino,762
Santa Bárbara,fresas,299
Valparaíso,ceibas,668
Dabeiba,fresas,688
Olaya,fresas,906
Puerto Nare,ceibas,575
Valdivia,fresas,433
La Pintada,fresas,851
La Pintada,ceibas,586
Guadalupe,pino,498
Ciudad Bolívar,ceibas,204
Liborina,ceibas,188
Armenia,ceibas,344
Puerto Nare,roble,912
Arboletes,fresas,571
Peque,pino,180
Sabanalarga,ceibas,865
Puerto Triunfo,ceibas,586
Caldas,ceibas,890
El Carmen de Viboral,fresas,482
Yarumal,ceibas,331
La Estrella,fresas,499
Olaya,roble,782
Fredonia,ceibas,580
Angelópolis,pino,670
Copacabana,ceibas,122
Santa Bárbara,roble,218
Hispania,ceibas,543
Turbo,fresas,283
Argelia,roble,423
Cocorná,pino,979
Ituango,ceibas,603
San Juan de Urabá,roble,416
Peque,ceibas,559
Apartadó,pino,648
Briceño,fresas,512
Caicedo,pino,981
San Andrés de Cuerquia,fresas,431
Ebéjico,roble,362
Concepción,pino,440
Giraldo,fresas,482
Santa Fe de Antioquia,fresas,784
Valdivia,pino,848
Apartadó,pino,186
Itagüí,pino,654
Frontino,roble,948
Abriaquí,fresas,142
Concordia,ceibas,730
Donmatías,fresas,626
Montebello,ceibas,746
Santa Rosa de Osos,fresas,988
Cocorná,fresas,156
Briceño,ceibas,708
Caldas,roble,816
Pueblorrico,roble,753
Copacabana,fresas,611
Mutatá,pino,123
Frontino,ceibas,206
Jardín,fresas,837
Bello,roble,625
Cocorná,roble,283
Sopetrán,roble,261
Heliconia,pino,801
Dabeiba,ceibas,956
Sabaneta,fresas,914
Venecia,fresas,929
Ciudad Bolívar,roble,305
Armenia,pino,489
Caucasia,roble,583
Bello,fresas,251
El Peñol,roble,752
Valdivia,ceibas,886
Abriaquí,roble,557
San Carlos,pino,758
Pueblorrico,ceibas,157
Granada,fresas,924
Dabeiba,roble,184
Sopetrán,roble,845
Envigado,roble,383
Buriticá,pino,328
Segovia,fresas,625
Maceo,roble,404
El Peñol,roble,733
Guadalupe,roble,924
El Carmen de Viboral,pino,540
El Bagre,ceibas,739
Carolina del Príncipe,pino,617
Andes,pino,450
Buriticá,fresas,613
Sabanalarga,ceibas,750
Turbo,pino,772
Titiribí,pino,927
Santa Fe de Antioquia,fresas,346
Abriaquí,roble,144
Alejandría,roble,433
Chigorodó,fresas,879
Peque,pino,519
Santa Bárbara,pino,156
San Andrés de Cuerquia,pino,782
Argelia,ceibas,354
Olaya,fresas,912
San Francisco,pino,538
Giraldo,pino,464
Frontino,ceibas,605
Girardota,ceibas,914
El Bagre,fresas,489
La Pintada,ceibas,590
Sonsón,pino,187
Heliconia,roble,846
Nechí,ceibas,301
Armenia,pino,911
Nariño,ceibas,642
Santo Domingo,ceibas,824
Guadalupe,roble,376
El Carmen de Viboral,roble,212
La Ceja,fresas,605
Marinilla,fresas,136
San Andrés de Cuerquia,ceibas,958
Nariño,fresas,970
Buriticá,roble,672
San Carlos,fresas,487
Caracolí,roble,895
Betulia,roble,181
Briceño,roble,469
Remedios,ceibas,286
Envigado,roble,162
Betulia,fresas,342
Armenia,pino,587
Frontino,pino,159
Titiribí,ceibas,900
Caucasia,ceibas,736
Valparaíso,roble,953
Fredonia,fresas,771
Peque,roble,448
Vigía del Fuerte,roble,870
San Pedro de Urabá,fresas,389
San Vicente,fresas,294
Frontino,fresas,830
Yondó,roble,197
San José de la Montaña,roble,799
Uramita,roble,556
Itagüí,fresas,151
Barbosa,fresas,151
La Ceja,fresas,612
Puerto Triunfo,fresas,519
Nechí,pino,605
Peque,fresas,482
Dabeiba,fresas,310
Peque,pino,339
Remedios,fresas,171
Betulia,roble,658
Santa Fe de Antioquia,fresas,351
Sabaneta,ceibas,591
Concepción,ceibas,133
Tarso,fresas,367
Titiribí,ceibas,890
El Santuario,roble,550
Marinilla,ceibas,296
Toledo,roble,726
Sabaneta,fresas,353
Caldas,pino,780
Salgar,roble,678
Tarazá,ceibas,929
Ituango,pino,379
Sopetrán,fresas,305
El Santuario,roble,911
Angostura,roble,475
El Bagre,pino,843
Anorí,roble,826
Betania,ceibas,126
Abriaquí,fresas,740
Apartadó,pino,854
Murindó,fresas,359
Girardota,ceibas,489
Tarazá,ceibas,584
Concepción,pino,691
Marinilla,roble,829
Abriaquí,roble,481
Hispania,ceibas,493
Girardota,pino,362
Dabeiba,fresas,947
Alejandría,roble,680
Abriaquí,pino,796
La Unión,ceibas,882
Santo Domingo,pino,184
El Peñol,roble,166
Hispania,fresas,956
Yarumal,roble,918
Hispania,ceibas,802
Segovia,pino,965
Granada,ceibas,141
Yolombó,ceibas,424
Cañasgordas,pino,385
Sabanalarga,ceibas,838
Alejandría,roble,377
Vigía del Fuerte,pino,680
Donmatías,pino,732
Jericó,roble,211
Medellín,roble,293
San Jerónimo,fresas,183
Abriaquí,ceibas,633
Itagüí,ceibas,827
Puerto Berrío,pino,257
Caicedo,fresas,253
San Roque,pino,750
Betania,roble,988
Nechí,roble,230
San Luis,ceibas,848
Medellín,ceibas,862
San Juan de Urabá,ceibas,853
San Francisco,roble,669
Remedios,fresas,873
Turbo,roble,927
El Carmen de Viboral,pino,149
Caucasia,roble,245
Entrerríos,ceibas,781
Uramita,roble,488
Caracolí,roble,493
Olaya,pino,364
Nariño,pino,823
Támesis,ceibas,896
Valdivia,roble,545
Amagá,fresas,668
Cañasgordas,fresas,326
Concepción,pino,298
Santa Rosa de Osos,pino,996
Valparaíso,roble,205
Ituango,pino,766
Salgar,roble,662
Santa Bárbara,roble,687
Donmatías,fresas,910
Yalí,roble,930
Amalfi,ceibas,608
Andes,roble,119
Caramanta,ceibas,593
Necoclí,pino,911
Hispania,roble,921
Turbo,fresas,404
Donmatías,fresas,884
San Francisco,roble,541
Titiribí,ceibas,493
Venecia,fresas,826
Anorí,roble,528
San Juan de Urabá,roble,447
Copacabana,fresas,836
Abejorral,fresas,456
Sonsón,roble,470
Sopetrán,roble,500
Bello,ceibas,374
Amalfi,pino,310
San Pedro de Urabá,ceibas,116
Alejandría,fresas,554
Betulia,ceibas,365
Betulia,pino,290
La Pintada,ceibas,137
Amagá,fresas,770
Nariño,fresas,1000
Santa Bárbara,pino,284
Sabaneta,pino,357
Bello,ceibas,644
Angelópolis,ceibas,203
La Ceja,fresas,315
Dabeiba,ceibas,691
Alejandría,pino,778
Apartadó,ceibas,286
San José de la Montaña,roble,207
San Pedro de Urabá,pino,673
Amagá,fresas,845
Cisneros,ceibas,553
Campamento,roble,910
El Retiro,fresas,634
Tarso,fresas,885
El Bagre,pino,913
Sonsón,ceibas,954
Olaya,fresas,313
San Carlos,ceibas,102
Briceño,ceibas,440
Granada,ceibas,693
San Andrés de Cuerquia,ceibas,271
Uramita,fresas,400
Marinilla,pino,975
Nechí,fresas,520
El Santuario,fresas,698
El Peñol,roble,458
San Vicente,roble,907
Sonsón,ceibas,428
Tarso,fresas,596
Copacabana,fresas,957
Sabanalarga,ceibas,502
Ebéjico,pino,113
Venecia,pino,117
Santa Fe de Antioquia,roble,514
San Luis,ceibas,793
Guarne,ceibas,595
Amalfi,pino,118
Puerto Berrío,pino,618
Alejandría,pino,884
Cocorná,pino,882
Amalfi,ceibas,433
Guadalupe,roble,691
San Rafael,roble,568
Uramita,fresas,988
Jericó,pino,693
Nariño,ceibas,560
La Unión,roble,247
San Andrés de Cuerquia,fresas,777
Belmira,roble,851
Vegachí,ceibas,680
San Vicente,roble,923
Ciudad Bolívar,fresas,736
San Juan de Urabá,pino,116
Valparaíso,fresas,394
Giraldo,roble,367
Anorí,roble,229
Remedios,ceibas,737
Briceño,roble,863
Jericó,ceibas,359
Barbosa,roble,829
Guarne,roble,630
Jardín,ceibas,902
Concepción,ceibas,632
San Carlos,ceibas,659
Entrerríos,pino,880
Concepción,ceibas,601
Angostura,roble,621
Jardín,pino,919
Concepción,roble,620
El Carmen de Viboral,ceibas,166
Yolombó,pino,718
La Pintada,roble,346
Guarne,roble,558
Jericó,ceibas,451
La Ceja,ceibas,865
Fredonia,fresas,775
Anzá,pino,252
Guarne,pino,114
Vegachí,fresas,967
Angostura,fresas,413
La Pintada,ceibas,234
Necoclí,roble,160
Argelia,ceibas,656
La Ceja,pino,315
Yalí,pino,138
San Vicente,ceibas,437
Vegachí,ceibas,260
Yondó,fresas,819
La Ceja,fresas,269
Santo Domingo,ceibas,134
Titiribí,ceibas,814
Alejandría,pino,791
Caramanta,roble,715
Giraldo,fresas,322
Nechí,ceibas,231
Santo Domingo,roble,126
Alejandría,ceibas,363
Carolina del Príncipe,roble,434
Santo Domingo,roble,217
Campamento,roble,108
Anzá,ceibas,641
Sabaneta,pino,449
Liborina,pino,407
Amalfi,roble,207
Jericó,roble,338
Cocorná,ceibas,465
Peque,pino,395
Cocorná,ceibas,968
La Ceja,ceibas,167
Santa Bárbara,fresas,478
El Peñol,roble,603
Sabaneta,ceibas,108
Pueblorrico,ceibas,390
Copacabana,ceibas,314
Abriaquí,fresas,198
Girardota,pino,882
Murindó,fresas,792
Segovia,fresas,408
Cocorná,roble,852
Cisneros,ceibas,496
Valparaíso,ceibas,442
Granada,roble,853
Vigía del Fuerte,fresas,800
Carolina del Príncipe,roble,602
Liborina,pino,908
Granada,roble,997
Caracolí,ceibas,799
Puerto Berrío,roble,559
Caucasia,roble,517
Puerto Triunfo,fresas,826
La Ceja,roble,568
La Unión,ceibas,747
Angelópolis,fresas,584
El Retiro,ceibas,782
Ciudad Bolívar,pino,600
San Vicente,fresas,226
Segovia,fresas,733
Envigado,roble,782
Toledo,pino,410
Carolina del Príncipe,roble,779
Pueblorrico,roble,342
Andes,pino,177
Yarumal,roble,490
Sonsón,pino,236
Arboletes,pino,912
La Unión,fresas,901
Guadalupe,roble,315
Cocorná,fresas,324
Ituango,pino,811
Titiribí,roble,902
San Francisco,pino,890
Segovia,ceibas,694
San Pedro de Urabá,roble,258
Sabanalarga,roble,143
Anzá,fresas,441
Guadalupe,ceibas,744
Yolombó,roble,948
Campamento,roble,408
Montebello,fresas,343
San Juan de Urabá,ceibas,131
Itagüí,ceibas,171
San Francisco,fresas,135
Sonsón,roble,776
La Pintada,fresas,415
Jardín,fresas,748
Vigía del Fuerte,ceibas,842
Mutatá,pino,864
Anzá,pino,699
Puerto Triunfo,roble,339
Carepa,pino,810
Támesis,pino,951
Vigía del Fuerte,pino,774
Titiribí,roble,918
Heliconia,ceibas,941
Yondó,fresas,793
Gómez Plata,pino,291
Vigía del Fuerte,pino,756
Caicedo,ceibas,351
El Peñol,roble,449
Amalfi,pino,121
Dabeiba,pino,955
Liborina,pino,817
Pueblorrico,pino,336
Abejorral,fresas,255
Cocorná,ceibas,954
Yarumal,pino,865
Ciudad Bolívar,pino,584
Puerto Nare,roble,666
Guarne,pino,296
Betania,roble,152
Tarso,fresas,343
Nariño,ceibas,229
Armenia,ceibas,107
Puerto Triunfo,roble,476
Cocorná,ceibas,197
Yondó,ceibas,215
Donmatías,pino,210
El Peñol,ceibas,218
Segovia,roble,603
Ituango,fresas,527
La Ceja,ceibas,179
Entrerríos,fresas,736
El Retiro,ceibas,787
La Ceja,fresas,123
Arboletes,fresas,244
Santa Rosa de Osos,ceibas,573
Carolina del Príncipe,roble,479
Salgar,ceibas,500
Chigorodó,roble,920
Envigado,fresas,555
Briceño,roble,375
San Vicente,ceibas,372
Belmira,roble,454
Urrao,roble,465
San Juan de Urabá,roble,852
Toledo,pino,513
Giraldo,fresas,759
Bello,roble,967
Sabaneta,fresas,267
Betania,pino,418
Caucasia,pino,166
Anorí,roble,598
Apartadó,pino,131
Cañasgordas,ceibas,432
El Peñol,pino,1000
Salgar,fresas,600
Dabeiba,pino,305
Hispania,pino,975
Argelia,pino,491
Entrerríos,ceibas,869
Concepción,pino,463
Yarumal,ceibas,446
Marinilla,roble,116
Angostura,ceibas,121
Segovia,ceibas,526
San Jerónimo,roble,472
Maceo,ceibas,916
Ituango,pino,480
Segovia,roble,677
Puerto Nare,roble,537
Olaya,roble,253
Alejandría,fresas,709
Valparaíso,roble,235
Puerto Nare,fresas,570
Mutatá,pino,404
Pueblorrico,ceibas,830
Bello,ceibas,788
San Juan de Urabá,roble,276
Caramanta,pino,412
Envigado,ceibas,514
Sopetrán,fresas,392
Sabaneta,roble,394
La Estrella,pino,579
Valparaíso,ceibas,263
Ebéjico,pino,813
Murindó,ceibas,940
San José de la Montaña,ceibas,104
Cocorná,pino,234
El Retiro,fresas,581
Concordia,pino,978
Nechí,ceibas,635
Venecia,pino,686
Guarne,fresas,588
La Estrella,ceibas,235
Sabaneta,pino,107
Chigorodó,fresas,693
Entrerríos,fresas,590
Yarumal,fresas,173
San Jerónimo,roble,217
Caicedo,roble,169
San Juan de Urabá,pino,143
Apartadó,fresas,307
Cisneros,ceibas,605
Amalfi,fresas,637
Yarumal,pino,185
Apartadó,pino,594
Nariño,fresas,465
La Estrella,pino,164
Caldas,roble,118
Támesis,fresas,682
Puerto Triunfo,ceibas,938
Puerto Triunfo,roble,406
La Pintada,ceibas,242
Santa Fe de Antioquia,roble,962
San Pedro de Urabá,roble,602
Santa Fe de Antioquia,roble,617
Itagüí,ceibas,723
Guatapé,roble,488
Puerto Nare,ceibas,936
Anzá,pino,888
Andes,fresas,621
San Pedro de Urabá,roble,787
San Juan de Urabá,roble,744
Armenia,fresas,595
Ituango,fresas,760
Guadalupe,pino,123
Valparaíso,pino,564
Frontino,ceibas,645
La Estrella,pino,250
Sopetrán,roble,198
Támesis,ceibas,455
San Vicente,pino,867
Gómez Plata,ceibas,192
La Unión,ceibas,252
Guadalupe,roble,467
Amalfi,ceibas,449
Jardín,roble,424
Cisneros,pino,298
Vegachí,roble,135
Mutatá,roble,363
Betulia,roble,544
Zaragoza,ceibas,647
Heliconia,fresas,818
Puerto Triunfo,roble,716
Yondó,fresas,280
Guatapé,roble,526
Ciudad Bolívar,pino,483
Salgar,fresas,930
Barbosa,fresas,154
Salgar,fresas,950
San Vicente,roble,728
Belmira,roble,586
Salgar,pino,646
Caicedo,roble,811
Santo Domingo,ceibas,323
Amalfi,fresas,375
Anzá,pino,194
Uramita,fresas,686
Arboletes,pino,263
Rionegro,roble,835
Fredonia,pino,954
Briceño,fresas,819
Caramanta,fresas,427
Caicedo,pino,624
Valparaíso,ceibas,150
Vegachí,roble,311
Hispania,ceibas,965
La Ceja,roble,593
Caicedo,ceibas,957
San Rafael,roble,930
Caracolí,fresas,469
Gómez Plata,ceibas,536
Abejorral,roble,294
Granada,roble,108
La Ceja,ceibas,142
Necoclí,pino,587
Toledo,roble,225
Ebéjico,ceibas,223
Bello,roble,506
Támesis,ceibas,824
Urrao,ceibas,294
Vegachí,pino,971
Envigado,pino,551
Toledo,ceibas,223
Yalí,pino,508
Alejandría,pino,944
San Roque,fresas,950
Nechí,roble,189
Concordia,fresas,796
Copacabana,roble,292
El Bagre,ceibas,716
La Pintada,ceibas,656
Titiribí,pino,872
Rionegro,roble,799
Tarso,roble,297
Tarso,ceibas,904
Santa Bárbara,roble,404
Yarumal,ceibas,636
Caldas,pino,826
Anorí,ceibas,450
Betulia,ceibas,303
San Juan de Urabá,pino,278
La Unión,pino,453
Copacabana,ceibas,198
Liborina,pino,870
Granada,pino,772
San Jerónimo,pino,978
Barbosa,pino,839
Angelópolis,pino,736
Granada,roble,678
Medellín,fresas,821
Guarne,roble,739
Sonsón,fresas,642
Uramita,pino,215
Amagá,roble,103
Urrao,fresas,184
Uramita,pino,184
Sabanalarga,ceibas,716
Marinilla,ceibas,365
Campamento,fresas,230
San Jerónimo,fresas,411
Murindó,ceibas,440
Guadalupe,pino,996
San Pedro de Urabá,fresas,264
Jericó,ceibas,736
Amagá,pino,490
Santa Bárbara,roble,698
San Luis,roble,377
Hispania,fresas,198
Armenia,roble,164
Titiribí,ceibas,113
Sopetrán,roble,151
Segovia,pino,183
Puerto Nare,roble,422
Amalfi,ceibas,827
Santo Domingo,ceibas,407
La Estrella,fresas,472
El Santuario,roble,640
Maceo,ceibas,692
Angelópolis,roble,355
Yondó,fresas,604
Donmatías,fresas,342
Arboletes,roble,958
Hispania,pino,822
Buriticá,fresas,930
Guatapé,pino,286
Belmira,fresas,520
Murindó,roble,486
Fredonia,roble,735
Necoclí,fresas,512
Giraldo,pino,588
San Andrés de Cuerquia,pino,694
Campamento,ceibas,142
Urrao,fresas,221
Arboletes,pino,829
El Retiro,roble,803
San Pedro de Urabá,fresas,257
Cañasgordas,roble,471
Nechí,fresas,440
Sabaneta,roble,505
Sabanalarga,fresas,986
Abriaquí,ceibas,342
Frontino,pino,254
Apartadó,pino,167
Nechí,pino,378
San Andrés de Cuerquia,roble,973
Buriticá,pino,588
Olaya,fresas,283
El Carmen de Viboral,ceibas,926
El Santuario,roble,962
Chigorodó,pino,360
Arboletes,fresas,996
Yolombó,roble,636
Fredonia,ceibas,732
Yolombó,roble,549
Caramanta,ceibas,565
Olaya,ceibas,526
Liborina,roble,575
Pueblorrico,roble,915
Caicedo,fresas,743
San Juan de Urabá,fresas,606
Yarumal,pino,815
El Retiro,roble,641
Cañasgordas,pino,386
San Jerónimo,roble,473
Guarne,ceibas,898
Anorí,pino,763
Buriticá,pino,312
Uramita,roble,806
Yolombó,ceibas,303
Nariño,fresas,410
Sonsón,ceibas,705
Santa Rosa de Osos,roble,129
El Santuario,fresas,234
La Estrella,ceibas,851
Yarumal,roble,285
Segovia,pino,807
Armenia,fresas,945
Gómez Plata,pino,494
Medellín,pino,803
El Bagre,ceibas,763
Maceo,pino,110
La Unión,pino,181
Yolombó,ceibas,666
Caucasia,pino,458
Girardota,pino,328
La Unión,pino,447
Yalí,roble,977
Buriticá,roble,854
Belmira,pino,209
San Francisco,ceibas,343
Caldas,fresas,507
San Andrés de Cuerquia,ceibas,301
Vigía del Fuerte,pino,728
Olaya,ceibas,799
El Santuario,pino,910
San Jerónimo,roble,199
Puerto Triunfo,roble,722
San Andrés de Cuerquia,pino,720
Angostura,roble,184
Betania,roble,922
La Ceja,roble,229
Abriaquí,ceibas,909
Puerto Berrío,fresas,812
Segovia,roble,205
Argelia,roble,492
Sabanalarga,roble,803
Anorí,roble,159
Arboletes,roble,410
Medellín,pino,146
Cañasgordas,ceibas,768
Carepa,pino,246
Zaragoza,roble,850
Argelia,pino,733
Jardín,pino,576
Envigado,ceibas,947
Caicedo,ceibas,946
San Andrés de Cuerquia,fresas,796
Copacabana,roble,852
Sabaneta,roble,161
Santa Fe de Antioquia,roble,717
Giraldo,ceibas,788
Caramanta,roble,508
Santo Domingo,roble,886
Buriticá,pino,585
San Vicente,fresas,239
Copacabana,roble,406
San Juan de Urabá,ceibas,811
La Ceja,pino,641
Jardín,ceibas,825
Donmatías,roble,211
Guarne,pino,717
Anorí,roble,460
Urrao,pino,882
San Roque,pino,411
Peque,ceibas,995
Angelópolis,fresas,685
Yondó,ceibas,671
Apartadó,ceibas,320
San Roque,ceibas,277
Nariño,pino,598
San Jerónimo,fresas,882
San Luis,pino,683
Yondó,fresas,308
Peque,roble,744
San Luis,fresas,824
Amagá,roble,929
Jericó,ceibas,567
Armenia,pino,967
Urrao,pino,867
Gómez Plata,roble,292
Amalfi,ceibas,276
Santa Bárbara,pino,483
El Carmen de Viboral,fresas,663
San Carlos,pino,154
Santo Domingo,roble,473
Envigado,fresas,674
Sabaneta,pino,687
Sopetrán,ceibas,141
Yolombó,fresas,589
Salgar,ceibas,639
Puerto Berrío,pino,852
Chigorodó,ceibas,624
El Carmen de Viboral,fresas,543
Santa Rosa de Osos,ceibas,411
El Bagre,fresas,843
Vegachí,fresas,762
Venecia,pino,207
Apartadó,roble,232
Amagá,pino,905
Entrerríos,pino,562
Caracolí,pino,455
El Retiro,pino,981
Itagüí,roble,655
Toledo,pino,284
Betulia,pino,547
Carepa,roble,934
Montebello,roble,804
Cocorná,roble,590
Envigado,ceibas,479
San Pedro de Urabá,fresas,237
Valparaíso,ceibas,332
Donmatías,ceibas,355
Sabanalarga,ceibas,952
Puerto Nare,roble,685
Envigado,fresas,778
Amagá,fresas,380
Liborina,roble,587
Salgar,roble,927
Remedios,roble,120
Maceo,fresas,600
Tarazá,roble,489
Fredonia,fresas,878
Abriaquí,roble,782
Puerto Berrío,pino,654
Guadalupe,pino,921
Guatapé,roble,593
Jericó,roble,276
San Luis,ceibas,301
Cisneros,roble,335
Fredonia,ceibas,890
El Peñol,pino,496
Marinilla,pino,678
Marinilla,ceibas,845
San Andrés de Cuerquia,roble,995
Abejorral,ceibas,252
Puerto Triunfo,roble,770
Mutatá,fresas,868
Arboletes,roble,181
San Luis,roble,948
Sabanalarga,ceibas,795
Dabeiba,ceibas,787
Sabaneta,fresas,422
Girardota,ceibas,901
Ebéjico,roble,245
Ciudad Bolívar,fresas,643
Jericó,ceibas,163
Carepa,ceibas,909
Apartadó,roble,362
Murindó,ceibas,202
San Rafael,fresas,664
Amalfi,fresas,587
Urrao,pino,1000
Abriaquí,ceibas,968
Murindó,roble,667
Caracolí,ceibas,373
Caicedo,fresas,152
Ciudad Bolívar,roble,894
Argelia,roble,530
Envigado,fresas,952
Yondó,fresas,467
Santa Rosa de Osos,pino,964
El Retiro,roble,137
Belmira,ceibas,267
Yondó,fresas,815
Nechí,ceibas,986
Argelia,ceibas,913
Anorí,fresas,240
Anorí,fresas,509
Sopetrán,roble,218
Itagüí,ceibas,200
Necoclí,ceibas,523
Olaya,fresas,190
Caicedo,fresas,693
Marinilla,roble,795
San Roque,roble,371
Yondó,pino,395
El Bagre,roble,124
San Vicente,roble,563
Toledo,pino,811
Sopetrán,pino,176
Amagá,fresas,458
Titiribí,ceibas,542
Urrao,fresas,839
El Retiro,fresas,519
Montebello,ceibas,701
Guarne,roble,873
Yalí,ceibas,772
Andes,fresas,786
Frontino,roble,557
Carolina del Príncipe,ceibas,307
Abriaquí,pino,373
Amagá,pino,156
Necoclí,pino,886
Liborina,roble,770
El Carmen de Viboral,ceibas,541
Liborina,ceibas,742
Carolina del Príncipe,roble,547
La Estrella,fresas,469
Guadalupe,pino,662
Angelópolis,roble,511
San Rafael,roble,880
Campamento,ceibas,881
Urrao,pino,143
San Roque,roble,138
Chigorodó,fresas,548
Concordia,pino,541
Mutatá,pino,993
San Vicente,roble,671
El Carmen de Viboral,roble,421
Angelópolis,roble,691
Carepa,pino,841
Amagá,pino,876
San Carlos,pino,339
Heliconia,ceibas,475
Támesis,fresas,689
Valdivia,pino,862
Gómez Plata,fresas,416
San Jerónimo,fresas,845
San Juan de Urabá,roble,198
Puerto Triunfo,pino,223
La Pintada,ceibas,874
Betania,ceibas,397
Caicedo,ceibas,626
Salgar,pino,940
Guadalupe,roble,363
San Luis,pino,408
San Luis,pino,271
Caicedo,roble,131
Nechí,roble,512
Mutatá,ceibas,486
Guadalupe,ceibas,540
Guatapé,pino,299
Olaya,ceibas,338
El Santuario,pino,424
Carepa,roble,978
La Pintada,roble,138
Hispania,fresas,456
Venecia,roble,362
Barbosa,ceibas,956
Puerto Berrío,roble,480
Angelópolis,fresas,946
Guarne,fresas,987
San Pedro de los Milagros,roble,845
Concordia,fresas,369
Turbo,ceibas,329
Santo Domingo,fresas,535
Liborina,roble,741
Betulia,fresas,981
Amagá,roble,648
Heliconia,ceibas,572
El Peñol,pino,481
Envigado,ceibas,891
Sabaneta,roble,849
Angelópolis,fresas,623
Venecia,pino,159
Vegachí,roble,458
San Andrés de Cuerquia,fresas,510
Sonsón,pino,704
Tarso,ceibas,264
Angostura,roble,835
Tarazá,pino,235
San Juan de Urabá,pino,465
Itagüí,roble,656
Jardín,pino,805
Turbo,pino,562
Yondó,pino,821
San Vicente,pino,976
San Rafael,fresas,876
Vegachí,fresas,636
Arboletes,ceibas,342
Zaragoza,ceibas,331
Betulia,roble,607
Chigorodó,fresas,130
Itagüí,ceibas,495
Santo Domingo,ceibas,628
San Jerónimo,ceibas,443
Frontino,pino,739
Yarumal,pino,100
Tarazá,roble,329
Cañasgordas,fresas,300
Guarne,fresas,530
Anorí,pino,503
Uramita,roble,993
San Andrés de Cuerquia,ceibas,229
San Rafael,roble,998
San Pedro de los Milagros,fresas,399
Chigorodó,roble,988
San Francisco,ceibas,296
La Pintada,pino,660
Alejandría,roble,329
Valdivia,ceibas,106
Copacabana,fresas,357
El Carmen de Viboral,roble,512
Briceño,ceibas,589
Uramita,fresas,174
Murindó,pino,116
Alejandría,pino,799
Girardota,fresas,380
Cañasgordas,roble,363
Valparaíso,ceibas,459
Santo Domingo,ceibas,166
Caucasia,roble,238
Argelia,pino,152
Salgar,fresas,932
Olaya,ceibas,753
Caramanta,fresas,718
Yarumal,ceibas,131
Entrerríos,fresas,185
Urrao,roble,488
Guadalupe,roble,290
Buriticá,ceibas,556
Yolombó,ceibas,771
Ituango,fresas,406
La Pintada,ceibas,489
Guadalupe,fresas,394
San Pedro de los Milagros,fresas,854
Caracolí,pino,466
Ebéjico,ceibas,182
Gómez Plata,pino,613
Fredonia,ceibas,712
Donmatías,roble,221
Itagüí,fresas,607
San Andrés de Cuerquia,roble,608
Ciudad Bolívar,fresas,722
San Jerónimo,ceibas,394
La Estrella,pino,971
Donmatías,ceibas,148
Giraldo,roble,873
Buriticá,fresas,174
Envigado,roble,678
Vigía del Fuerte,roble,419
Ebéjico,ceibas,946
Sabaneta,ceibas,791
Remedios,ceibas,123
Olaya,fresas,183
Anorí,fresas,421
Angostura,fresas,481
Nechí,roble,569
Concepción,fresas,388
Yalí,fresas,242
Heliconia,fresas,343
San Francisco,fresas,790
Salgar,fresas,188
Copacabana,ceibas,926
Olaya,pino,405
Ituango,roble,945
Santa Rosa de Osos,fresas,930
Yarumal,pino,545
San Pedro de Urabá,fresas,876
Santa Fe de Antioquia,roble,226
El Retiro,fresas,878
Caicedo,fresas,655
Fredonia,ceibas,678
San Andrés de Cuerquia,pino,461
Giraldo,roble,968
Salgar,roble,123
San Juan de Urabá,ceibas,654
Anzá,fresas,397
Yolombó,fresas,506
Valdivia,roble,504
San Francisco,pino,626
Támesis,ceibas,922
Cisneros,roble,768
Donmatías,ceibas,223
Santa Rosa de Osos,ceibas,973
Angostura,roble,180
Guatapé,roble,977
Jericó,roble,285
Donmatías,pino,449
Fredonia,fresas,372
San Roque,roble,782
Amagá,roble,845
Caldas,fresas,474
Cisneros,ceibas,899
Envigado,ceibas,249
Nechí,fresas,129
Hispania,ceibas,739
Bello,fresas,372
Pueblorrico,roble,812
Rionegro,fresas,897
Amagá,fresas,636
Tarso,roble,450
San José de la Montaña,pino,364
San José de la Montaña,pino,890
Barbosa,ceibas,658
Campamento,ceibas,174
Titiribí,fresas,895
Jardín,roble,872
Angostura,fresas,777
Pueblorrico,roble,586
El Retiro,fresas,938
Betania,ceibas,997
Venecia,roble,496
Remedios,roble,486
Belmira,ceibas,199
Amagá,ceibas,938
Guadalupe,roble,239
Vigía del Fuerte,pino,339
San Carlos,fresas,740
Gómez Plata,roble,220
Angostura,ceibas,253
Olaya,ceibas,115
El Santuario,ceibas,615
Angostura,pino,562
Pueblorrico,ceibas,134
Segovia,pino,882
San Pedro de Urabá,pino,902
Alejandría,roble,905
Apartadó,pino,448
Anorí,pino,103
El Carmen de Viboral,pino,570
Gómez Plata,ceibas,257
Valdivia,pino,367
Itagüí,roble,771
Ebéjico,ceibas,544
Anzá,roble,676
Campamento,ceibas,217
Apartadó,pino,274
El Retiro,ceibas,537
Puerto Nare,roble,321
Tarazá,fresas,769
Angelópolis,ceibas,260
Copacabana,pino,168
Necoclí,ceibas,882
Sabanalarga,roble,608
Santa Bárbara,roble,696
Guatapé,fresas,199
Jardín,pino,212
Valdivia,fresas,898
El Retiro,fresas,345
Buriticá,fresas,517
Ebéjico,roble,963
Pueblorrico,ceibas,523
Copacabana,pino,698
Valparaíso,fresas,651
Anorí,fresas,423
Cocorná,pino,426
Buriticá,roble,292
Briceño,roble,785
Valparaíso,roble,259
San Juan de Urabá,fresas,559
Concordia,ceibas,489
San Juan de Urabá,ceibas,929
El Retiro,roble,531
Yondó,roble,849
Entrerríos,roble,618
Dabeiba,fresas,340
Buriticá,roble,937
Jericó,roble,909
Itagüí,ceibas,976
Betulia,pino,523
Abejorral,roble,819
El Bagre,pino,615
Titiribí,pino,943
Tarso,roble,886
Heliconia,ceibas,932
Nechí,ceibas,984
Guadalupe,roble,274
Andes,roble,857
Envigado,ceibas,517
San Pedro de los Milagros,ceibas,506
Caicedo,ceibas,175
Venecia,fresas,350
Campamento,ceibas,255
Venecia,pino,589
Amalfi,pino,191
Amalfi,pino,407
Maceo,fresas,450
Anorí,fresas,992
Murindó,fresas,409
Anorí,ceibas,402
Guarne,fresas,704
El Bagre,pino,880
Gómez Plata,fresas,830
El Peñol,ceibas,285
Santa Rosa de Osos,ceibas,209
San Francisco,roble,952
Sonsón,fresas,445
Sopetrán,fresas,934
Frontino,ceibas,999
Santa Bárbara,ceibas,677
Jardín,ceibas,102
Jericó,fresas,762
Betulia,fresas,886
Caicedo,ceibas,361
Sopetrán,pino,644
Mutatá,roble,257
Santa Rosa de Osos,pino,597
Giraldo,fresas,432
Ituango,roble,515
San Vicente,ceibas,878
La Estrella,pino,351
Zaragoza,roble,898
Puerto Nare,ceibas,291
San Pedro de Urabá,ceibas,951
Támesis,pino,366
San Pedro de los Milagros,ceibas,960
Anzá,fresas,547
Guarne,roble,924
Copacabana,pino,420
Barbosa,roble,774
Amalfi,fresas,331
Donmatías,fresas,895
Abriaquí,ceibas,131
Entrerríos,ceibas,203
La Unión,roble,492
Chigorodó,roble,908
Apartadó,ceibas,301
Caramanta,fresas,172
Chigorodó,roble,345
Remedios,roble,249
San Jerónimo,pino,121
Concepción,roble,826
Jericó,ceibas,147
Peque,pino,759
Chigorodó,ceibas,305
Apartadó,ceibas,595
Zaragoza,pino,250
Frontino,pino,171
San Vicente,ceibas,585
Valparaíso,fresas,838
Buriticá,ceibas,980
Betulia,ceibas,547
Liborina,pino,900
San Rafael,roble,173
Puerto Nare,ceibas,525
Sabanalarga,fresas,706
Belmira,pino,332
San Pedro de los Milagros,pino,572
Chigorodó,fresas,690
Campamento,pino,916
San Andrés de Cuerquia,pino,110
Jardín,ceibas,217
Salgar,ceibas,345
Guadalupe,pino,165
Sopetrán,ceibas,511
Guarne,roble,809
Vegachí,fresas,411
Entrerríos,fresas,833
Ciudad Bolívar,pino,675
El Carmen de Viboral,fresas,140
Ituango,roble,809
Ituango,ceibas,838
Ituango,pino,108
Fredonia,pino,409
Yolombó,pino,232
Salgar,fresas,769
Puerto Triunfo,pino,113
Guatapé,roble,397
Alejandría,roble,900
Envigado,pino,932
San Francisco,roble,418
Dabeiba,roble,165
San Luis,roble,189
Frontino,pino,717
Angostura,pino,605
San Pedro de Urabá,pino,371
El Retiro,fresas,511
Girardota,ceibas,890
Tarazá,fresas,214
Ituango,pino,127
Támesis,pino,259
San Luis,roble,528
San Carlos,fresas,313
Caicedo,roble,420
Caldas,ceibas,728
Puerto Triunfo,roble,487
Angostura,roble,692
Mutatá,ceibas,795
Caracolí,pino,564
Guatapé,fresas,806
Angostura,ceibas,561
Santa Fe de Antioquia,ceibas,889
Giraldo,fresas,582
Toledo,ceibas,941
Caucasia,roble,388
Barbosa,fresas,667
Ebéjico,pino,410
Támesis,pino,275
Guadalupe,roble,902
Anzá,roble,836
Envigado,roble,800
San Andrés de Cuerquia,roble,792
Valparaíso,pino,185
La Pintada,fresas,238
San Pedro de los Milagros,roble,483
Tarazá,pino,299
Cocorná,pino,919
Cocorná,roble,847
Salgar,pino,458
Abriaquí,ceibas,936
Anorí,fresas,509
Dabeiba,roble,338
El Santuario,ceibas,779
Murindó,pino,197
Frontino,fresas,908
Chigorodó,pino,300
San Francisco,roble,177
Angostura,roble,682
Girardota,pino,691
Bello,roble,130
Angelópolis,roble,517
Nechí,pino,308
Puerto Berrío,roble,692
Caracolí,pino,565
Dabeiba,ceibas,508
Guadalupe,ceibas,657
San Pedro de Urabá,roble,712
Santa Bárbara,fresas,203
Armenia,pino,692
Yarumal,roble,916
Urrao,pino,318
El Carmen de Viboral,roble,948
Carepa,roble,571
Marinilla,ceibas,124
Segovia,fresas,337
Bello,roble,348
Anzá,ceibas,683
Santa Fe de Antioquia,fresas,725
Ciudad Bolívar,ceibas,214
Donmatías,fresas,623
Salgar,ceibas,786
Buriticá,roble,742
Maceo,ceibas,288
Venecia,roble,731
Yarumal,pino,904
Maceo,roble,753
Nariño,fresas,171
Santa Rosa de Osos,ceibas,405
San Rafael,ceibas,499
Santa Rosa de Osos,ceibas,338
La Unión,pino,661
Yondó,ceibas,270
Sonsón,fresas,947
Dabeiba,pino,546
Ciudad Bolívar,pino,722
San Jerónimo,fresas,177
Vigía del Fuerte,ceibas,492
Zaragoza,ceibas,258
Frontino,pino,330
Olaya,fresas,967
Caucasia,fresas,991
Yolombó,fresas,483
Puerto Nare,roble,210
Abejorral,pino,874
Concepción,pino,240
Puerto Triunfo,fresas,968
Amagá,roble,244
Pueblorrico,fresas,981
Valdivia,roble,957
Amagá,ceibas,859
Santa Bárbara,ceibas,776
Anzá,roble,909
Cañasgordas,fresas,914
Cocorná,ceibas,131
Mutatá,ceibas,612
Concepción,roble,403
Entrerríos,roble,557
San Pedro de los Milagros,pino,625
Yalí,pino,991
Olaya,fresas,703
Granada,fresas,462
Maceo,pino,119
Zaragoza,roble,650
Ebéjico,fresas,129
Ciudad Bolívar,pino,516
